admin_id,[name],[password],email
A1,Ahsan Ahmed,P@ssw0rd1,ahsan.ahmed@gmail.com
A2,Mehwish Khan,SecuReP@ss2,mehwish.khan@gmail.com
A3,Bilal Malik,P4ssW0rd3,bilal.malik@gmail.com
A4,Zara Iqbal,StR0ngP@ss4,zara.iqbal@gmail.com
A5,Saad Raza,SaF3P@ss5,saad.raza@gmail.com
A6,Nadia Farooq,P@ssw0rd6,nadia.farooq@gmail.com
A7,Usman Qureshi,UsM@np@ss7,usman.qureshi@gmail.com
A8,Faiza Hussain,P@ssW0rd8,faiza.hussain@gmail.com
A9,Rabia Shaikh,R@biaP@ss9,rabia.shaikh@gmail.com
A10,Hasan Bashir,P@ssW0rd10,hasan.bashir@gmail.com
A11,Sara Javed,S@raP@ss11,sara.javed@gmail.com
A12,Arif Rafiq,ArIfP@ss12,arif.rafiq@gmail.com
A13,Sadia Khan,Sad1aP@ss13,sadia.khan@gmail.com
A14,Waqas Raza,Waq4sP@ss14,waqas.raza@gmail.com
A15,Iqra Ahmed,IqRaP@ss15,iqra.ahmed@gmail.com
A16,Nabeel Malik,N@b33lP@ss16,nabeel.malik@gmail.com
A17,Saima Saeed,S@imaP@ss17,saima.saeed@gmail.com
A18,Sameer Qureshi,Sam33rP@ss18,sameer.qureshi@gmail.com
A19,Zainab Malik,Z@inabP@ss19,zainab.malik@gmail.com
A20,Kamran Hussain,K@mr@nP@ss20,kamran.hussain@gmail.com
A21,Nida Rehman,N@d14P@ss21,nida.rehman@gmail.com
A22,Zoya Rafiq,Z@yaP@ss22,zoya.rafiq@gmail.com
A23,Ammar Ali,AmMarP@ss23,ammar.ali@gmail.com
A24,Rabia Ahmed,Rab14P@ss24,rabia.ahmed@gmail.com
A25,Waleed Raza,W@le3dP@ss25,waleed.raza@gmail.com
A26,Safia Iqbal,S@fiaP@ss26,safia.iqbal@gmail.com
A27,Awais Farooq,Aw@isP@ss27,awais.farooq@gmail.com
A28,Sumaira Malik,Sum@iraP@ss28,sumaira.malik@gmail.com
A29,Hamza Ahmed,H@mzaP@ss29,hamza.ahmed@gmail.com
A30,Zara Saeed,Zar@P@ss30,zara.saeed@gmail.com
A31,Junaid Raza,Jun@idP@ss31,junaid.raza@gmail.com
A32,Fariha Khan,Far1h@P@ss32,fariha.khan@gmail.com
A33,Fahad Malik,Fah@dP@ss33,fahad.malik@gmail.com
A34,Sumaira Khan,Sum@iraP@ss34,sumaira.khan@gmail.com
A35,Shahzaib Ali,Shahz@ibP@ss35,shahzaib.ali@gmail.com
A36,Amna Qureshi,Amn@P@ss36,amna.qureshi@gmail.com
A37,Arshad Ahmed,Arsh@dP@ss37,arshad.ahmed@gmail.com
A38,Hina Saeed,Hin@P@ss38,hina.saeed@gmail.com
A39,Usama Rafiq,Us@maP@ss39,usama.rafiq@gmail.com
A40,Zubair Khan,Zub@irP@ss40,zubair.khan@gmail.com
A41,Khadija Ali,Kh@d1jaP@ss41,khadija.ali@gmail.com
A42,Rahat Malik,Rah@tP@ss42,rahat.malik@gmail.com
A43,Ibrahim Raza,Ibr@h1mP@ss43,ibrahim.raza@gmail.com
A44,Anum Ahmed,AnumP@ss44,anum.ahmed@gmail.com
A45,Irum Saeed,Ir@mP@ss45,irum.saeed@gmail.com
A46,Nazia Qureshi,N@ziaP@ss46,nazia.qureshi@gmail.com
A47,Hasnain Khan,Hasn@inP@ss47,hasnain.khan@gmail.com
A48,Maryam Malik,Mary@mP@ss48,maryam.malik@gmail.com
A49,Azhar Ahmed,Azh@rP@ss49,azhar.ahmed@gmail.com
A50,Safdar Qureshi,S@fdarP@ss50,safdar.qureshi@gmail.com
