oID,NAME,USERNAME,EMAIL,PASSWORD
O1,Ayesha Khan,ayesha_khan,ayesha.khan@gmail.com,P4s5w0rd1!
O2,Ali Ahmed,ali_ahmed,ali.ahmed@gmail.com,7hT5jK8w3q
O3,Fatima Malik,fatima_malik,fatima.malik@gmail.com,H6K9wT2q8y
O4,Zainab Ahmed,zainab_ahmed,zainab.ahmed@gmail.com,X7jP4gQw0n
O5,Hassan Ali,hassan_ali,hassan.ali@gmail.com,G3mT6vW9pR
O6,Sara Iqbal,sara_iqbal,sara.iqbal@gmail.com,Y2d4sH8pQ3
O7,Usman Raza,usman_raza,usman.raza@gmail.com,5jP8rE1nV9
O8,Ayesha Shah,ayesha_shah,ayesha.shah@gmail.com,8kL7sN4bW5
O9,Ahmad Khan,ahmad_khan,ahmad.khan@gmail.com,T5nQ9mP2v8
O10,Zara Khalid,zara_khalid,zara.khalid@gmail.com,N4jS5vM3w0
O11,Farah Saeed,farah_saeed,farah.saeed@gmail.com,S6rF9qJ2bT
O12,Saqib Hassan,saqib_hassan,saqib.hassan@gmail.com,Q3tW5sN8yK
O13,Nadia Ahmed,nadia_ahmed,nadia.ahmed@gmail.com,V6kJ4fQ7rM
O14,Hassan Malik,hassan_malik,hassan.malik@gmail.com,Y3dK8nL5sR
O15,Yasmin Raza,yasmin_raza,yasmin.raza@gmail.com,M2hQ8wV7tP
O16,Usman Ahmed,usman_ahmed,usman.ahmed@gmail.com,R5jP8tV3lW
O17,Sara Khan,sara_khan,sara.khan@gmail.com,L4gT5qW8sR
O18,Aqsa Shah,aqsa_shah,aqsa.shah@gmail.com,K7fH9vT4sL
O19,Zahid Malik,zahid_malik,zahid.malik@gmail.com,B2tQ6wR8nK
O20,Rabia Raza,rabia_raza,rabia.raza@gmail.com,F8hG3jW2pK
O21,Arif Iqbal,arif_iqbal,arif.iqbal@gmail.com,J7nR5kV3wP
O22,Mehwish Ali,mehwish_ali,mehwish.ali@gmail.com,Q9rT4bJ3gM
O23,Ali Raza,ali_raza,ali.raza@gmail.com,G5kJ7nW2mR
O24,Zain Malik,zain_malik,zain.malik@gmail.com,N3tW5sV2bY
O25,Mariam Khan,mariam_khan,mariam.khan@gmail.com,J7rS4mW3kT
O26,Ammar Ahmed,ammar_ahmed,ammar.ahmed@gmail.com,Q5pV7kL2wT
O27,Bushra Saeed,bushra_saeed,bushra.saeed@gmail.com,V6sT8pQ2wB
O28,Saad Malik,saad_malik,saad.malik@gmail.com,K4hL9nM3wT
O29,Ayesha Raza,ayesha_raza,ayesha.raza@gmail.com,W5jT8nP3vR
O30,Faisal Ali,faisal_ali,faisal.ali@gmail.com,Q2mV5rL7gT
O31,Maryam Ahmed,maryam_ahmed,maryam.ahmed@gmail.com,P3jW5kN4rT
O32,Bilal Khan,bilal_khan,bilal.khan@gmail.com,R4sT8mW2gH
O33,Rabia Saeed,rabia_saeed,rabia.saeed@gmail.com,K3jT9hW2mR
O34,Zara Ali,zara_ali,zara.ali@gmail.com,Q5mT8nW3kR
O35,Umar Malik,umar_malik,umar.malik@gmail.com,T4jP8nR2lW
O36,Saba Raza,saba_raza,saba.raza@gmail.com,P5tR8jW2gK
O37,Amir Ahmed,amir_ahmed,amir.ahmed@gmail.com,M6jT8hW3kL
O38,Hira Khan,hira_khan,hira.khan@gmail.com,B2kT7wV4pR
O39,Faisal Malik,faisal_malik,faisal.malik@gmail.com,Q5hL8rJ2pM
O40,Nadia Iqbal,nadia_iqbal,nadia.iqbal@gmail.com,R3jT7kW2lV
O41,Nadeem Saeed,nadeem_saeed,nadeem.saeed@gmail.com,W5tR9pJ3mT
O42,Amna Raza,amna_raza,amna.raza@gmail.com,S3jP7hV2wL
O43,Zara Iqbal,zara_iqbal,zara.iqbal@gmail.com,N5sT8wJ3pR
O44,Saad Khan,saad_khan,saad.khan@gmail.com,B2pR9hW4mN
O45,Aiman Ahmed,aiman_ahmed,aiman.ahmed@gmail.com,V6pT8mR3jQ
O46,Jibran Raza,jibran_raza,jibran.raza@gmail.com,Q5jT8rP2lM
O47,Aisha Khan,aisha_khan,aisha.khan@gmail.com,N4kT8jW3sV
O48,Ahsan Ahmed,ahsan_ahmed,ahsan.ahmed@gmail.com,B3hJ8pR4nT
O49,Sania Malik,sania_malik,sania.malik@gmail.com,W5jT8nV3kP
O50,Zubair Saeed,zubair_saeed,zubair.saeed@gmail.com,T4sK8wV2pL
